link_to_event,link_to_member
rec2N69DMcrqN9PJC,recD078PnS3x2doBe
rec2N69DMcrqN9PJC,recP6DJPyi5donvXL
rec2N69DMcrqN9PJC,rec28ORZgcm1dtqBZ
rec2N69DMcrqN9PJC,recTjHY5xXhvkCdVT
rec2N69DMcrqN9PJC,recZ4PkGERzl9ziHO
rec2N69DMcrqN9PJC,recEFd8s6pkrTt4Pz
rec2N69DMcrqN9PJC,recEymrwCUKxiiosI
rec2N69DMcrqN9PJC,recQaxyXBQG5BBtD0
rec2N69DMcrqN9PJC,recT92PyyZCGq1R68
rec2N69DMcrqN9PJC,recJMazpPVexyFYTc
rec2N69DMcrqN9PJC,reccW7q1KkhSKZsea
rec2N69DMcrqN9PJC,recjHj4BS5A541n9v
rec2N69DMcrqN9PJC,recL94zpn6Xh6kQii
rec2N69DMcrqN9PJC,reccSUPwy30AeZLEb
rec2N69DMcrqN9PJC,recttfySfQnYb68u3
rec2N69DMcrqN9PJC,recf4UKTfipCzgcSA
rec2N69DMcrqN9PJC,recro8T1MPMwRadVH
rec5XDvJLyxDsGZWc,recD078PnS3x2doBe
rec5XDvJLyxDsGZWc,recP6DJPyi5donvXL
rec5XDvJLyxDsGZWc,rec28ORZgcm1dtqBZ
rec5XDvJLyxDsGZWc,recTjHY5xXhvkCdVT
rec5XDvJLyxDsGZWc,recZ4PkGERzl9ziHO
rec5XDvJLyxDsGZWc,recttfySfQnYb68u3
rec5XDvJLyxDsGZWc,recEFd8s6pkrTt4Pz
rec5XDvJLyxDsGZWc,recf4UKTfipCzgcSA
rec5XDvJLyxDsGZWc,recjHj4BS5A541n9v
rec5XDvJLyxDsGZWc,recEymrwCUKxiiosI
rec5XDvJLyxDsGZWc,recsTO4OZIF9rbubk
rec5XDvJLyxDsGZWc,recL94zpn6Xh6kQii
rec5XDvJLyxDsGZWc,rec75vvFxgYtHmqxY
rec5XDvJLyxDsGZWc,recT92PyyZCGq1R68
rec5XDvJLyxDsGZWc,reco0mr8dXTgs5wWA
rec5XDvJLyxDsGZWc,recJMazpPVexyFYTc
rec5XDvJLyxDsGZWc,recuSfhAZIlKba4s2
rec5XDvJLyxDsGZWc,recxBj3tjKTGHqucS
rec5XDvJLyxDsGZWc,recUdRhbhcEO1Hk5r
rec5XDvJLyxDsGZWc,recVsoJJHFI8bgtfw
recEVTik3MlqbvLFi,rec4BLdZHS2Blfp4v
recEVTik3MlqbvLFi,recf4UKTfipCzgcSA
recEVTik3MlqbvLFi,recP6DJPyi5donvXL
recEVTik3MlqbvLFi,recEFd8s6pkrTt4Pz
recEVTik3MlqbvLFi,rec28ORZgcm1dtqBZ
recEVTik3MlqbvLFi,recTjHY5xXhvkCdVT
recEVTik3MlqbvLFi,recZ4PkGERzl9ziHO
recEVTik3MlqbvLFi,recT92PyyZCGq1R68
recEVTik3MlqbvLFi,recEymrwCUKxiiosI
recEVTik3MlqbvLFi,recL94zpn6Xh6kQii
recEVTik3MlqbvLFi,recJMazpPVexyFYTc
recEVTik3MlqbvLFi,recL4aEZBZoPk9NYx
recEVTik3MlqbvLFi,reco0mr8dXTgs5wWA
recEVTik3MlqbvLFi,recsTO4OZIF9rbubk
recEVTik3MlqbvLFi,recuSfhAZIlKba4s2
recEVTik3MlqbvLFi,recxBj3tjKTGHqucS
recEVTik3MlqbvLFi,recQaxyXBQG5BBtD0
recEVTik3MlqbvLFi,recUdRhbhcEO1Hk5r
recEVTik3MlqbvLFi,recVsoJJHFI8bgtfw
recEVTik3MlqbvLFi,recWh2lJVOT6HjChK
recEVTik3MlqbvLFi,rec280Sk7o31iG0Tx
recEVTik3MlqbvLFi,rec3pH4DxMcWHMRB7
recEVTik3MlqbvLFi,rec75vvFxgYtHmqxY
recEVTik3MlqbvLFi,reccW7q1KkhSKZsea
recEVTik3MlqbvLFi,recjHj4BS5A541n9v
recEVTik3MlqbvLFi,reccSUPwy30AeZLEb
recEVTik3MlqbvLFi,recttfySfQnYb68u3
recEVTik3MlqbvLFi,recro8T1MPMwRadVH
recEVTik3MlqbvLFi,recD078PnS3x2doBe
recGxVCwaLW3mDIa3,recro8T1MPMwRadVH
recGxVCwaLW3mDIa3,recP6DJPyi5donvXL
recGxVCwaLW3mDIa3,recEFd8s6pkrTt4Pz
recGxVCwaLW3mDIa3,rec28ORZgcm1dtqBZ
recGxVCwaLW3mDIa3,recTjHY5xXhvkCdVT
recGxVCwaLW3mDIa3,recZ4PkGERzl9ziHO
recGxVCwaLW3mDIa3,recUdRhbhcEO1Hk5r
recGxVCwaLW3mDIa3,rec4BLdZHS2Blfp4v
recGxVCwaLW3mDIa3,recD078PnS3x2doBe
recGxVCwaLW3mDIa3,recWh2lJVOT6HjChK
recGxVCwaLW3mDIa3,recL94zpn6Xh6kQii
recGxVCwaLW3mDIa3,rec75vvFxgYtHmqxY
recGxVCwaLW3mDIa3,recttfySfQnYb68u3
recGxVCwaLW3mDIa3,recJMazpPVexyFYTc
recI43CzsZ0Q625ma,recro8T1MPMwRadVH
recI43CzsZ0Q625ma,recP6DJPyi5donvXL
recI43CzsZ0Q625ma,recEFd8s6pkrTt4Pz
recI43CzsZ0Q625ma,rec28ORZgcm1dtqBZ
recI43CzsZ0Q625ma,recZ4PkGERzl9ziHO
recI43CzsZ0Q625ma,recT92PyyZCGq1R68
recI43CzsZ0Q625ma,recf4UKTfipCzgcSA
recI43CzsZ0Q625ma,recEymrwCUKxiiosI
recI43CzsZ0Q625ma,recL94zpn6Xh6kQii
recI43CzsZ0Q625ma,recL4aEZBZoPk9NYx
recI43CzsZ0Q625ma,recTjHY5xXhvkCdVT
recI43CzsZ0Q625ma,reco0mr8dXTgs5wWA
recI43CzsZ0Q625ma,recsTO4OZIF9rbubk
recI43CzsZ0Q625ma,recD078PnS3x2doBe
recI43CzsZ0Q625ma,recQaxyXBQG5BBtD0
recI43CzsZ0Q625ma,recxBj3tjKTGHqucS
recI43CzsZ0Q625ma,recUdRhbhcEO1Hk5r
recI43CzsZ0Q625ma,recVsoJJHFI8bgtfw
recI43CzsZ0Q625ma,recWh2lJVOT6HjChK
recI43CzsZ0Q625ma,rec280Sk7o31iG0Tx
recI43CzsZ0Q625ma,rec3pH4DxMcWHMRB7
recI43CzsZ0Q625ma,rec75vvFxgYtHmqxY
recI43CzsZ0Q625ma,reccW7q1KkhSKZsea
recI43CzsZ0Q625ma,recuSfhAZIlKba4s2
recI43CzsZ0Q625ma,recjHj4BS5A541n9v
recI43CzsZ0Q625ma,recttfySfQnYb68u3
recI43CzsZ0Q625ma,rec4BLdZHS2Blfp4v
recIuIXdbLe5j5vCA,recro8T1MPMwRadVH
recIuIXdbLe5j5vCA,recEFd8s6pkrTt4Pz
recIuIXdbLe5j5vCA,recP6DJPyi5donvXL
recIuIXdbLe5j5vCA,reccSUPwy30AeZLEb
recIuIXdbLe5j5vCA,recVsoJJHFI8bgtfw
recIuIXdbLe5j5vCA,rec75vvFxgYtHmqxY
recIuIXdbLe5j5vCA,reccW7q1KkhSKZsea
recIuIXdbLe5j5vCA,rec3pH4DxMcWHMRB7
recIuIXdbLe5j5vCA,recttfySfQnYb68u3
recIuIXdbLe5j5vCA,recD078PnS3x2doBe
recIuIXdbLe5j5vCA,rec280Sk7o31iG0Tx
recIuIXdbLe5j5vCA,recf4UKTfipCzgcSA
recLKj8BbTNqxFbTb,rec4BLdZHS2Blfp4v
recLKj8BbTNqxFbTb,recro8T1MPMwRadVH
recLKj8BbTNqxFbTb,recf4UKTfipCzgcSA
recLKj8BbTNqxFbTb,recD078PnS3x2doBe
recLKj8BbTNqxFbTb,recP6DJPyi5donvXL
recLKj8BbTNqxFbTb,recEFd8s6pkrTt4Pz
recLKj8BbTNqxFbTb,rec28ORZgcm1dtqBZ
recLKj8BbTNqxFbTb,recTjHY5xXhvkCdVT
recLKj8BbTNqxFbTb,recZ4PkGERzl9ziHO
recLKj8BbTNqxFbTb,recT92PyyZCGq1R68
recLKj8BbTNqxFbTb,recEymrwCUKxiiosI
recLKj8BbTNqxFbTb,recL94zpn6Xh6kQii
recLKj8BbTNqxFbTb,recJMazpPVexyFYTc
recLKj8BbTNqxFbTb,recL4aEZBZoPk9NYx
recLKj8BbTNqxFbTb,reco0mr8dXTgs5wWA
recLKj8BbTNqxFbTb,recsTO4OZIF9rbubk
recLKj8BbTNqxFbTb,recuSfhAZIlKba4s2
recLKj8BbTNqxFbTb,recxBj3tjKTGHqucS
recLKj8BbTNqxFbTb,recQaxyXBQG5BBtD0
recLKj8BbTNqxFbTb,recUdRhbhcEO1Hk5r
recLKj8BbTNqxFbTb,recVsoJJHFI8bgtfw
recLKj8BbTNqxFbTb,recWh2lJVOT6HjChK
recLKj8BbTNqxFbTb,rec280Sk7o31iG0Tx
recLKj8BbTNqxFbTb,rec3pH4DxMcWHMRB7
recLKj8BbTNqxFbTb,rec75vvFxgYtHmqxY
recLKj8BbTNqxFbTb,reccW7q1KkhSKZsea
recLKj8BbTNqxFbTb,recjHj4BS5A541n9v
recLKj8BbTNqxFbTb,rec2a03QXbFQAUZ7X
recLKj8BbTNqxFbTb,reccSUPwy30AeZLEb
recLKj8BbTNqxFbTb,recttfySfQnYb68u3
recLrY8kyOR1PcZeF,recro8T1MPMwRadVH
recLrY8kyOR1PcZeF,rec4BLdZHS2Blfp4v
recLrY8kyOR1PcZeF,recttfySfQnYb68u3
recLrY8kyOR1PcZeF,recD078PnS3x2doBe
recggMW2eyCYceNcy,recD078PnS3x2doBe
recggMW2eyCYceNcy,recP6DJPyi5donvXL
recggMW2eyCYceNcy,recEFd8s6pkrTt4Pz
recggMW2eyCYceNcy,rec28ORZgcm1dtqBZ
recggMW2eyCYceNcy,recf4UKTfipCzgcSA
recggMW2eyCYceNcy,recZ4PkGERzl9ziHO
recggMW2eyCYceNcy,recTjHY5xXhvkCdVT
recggMW2eyCYceNcy,recT92PyyZCGq1R68
recggMW2eyCYceNcy,recL94zpn6Xh6kQii
recggMW2eyCYceNcy,recJMazpPVexyFYTc
recggMW2eyCYceNcy,recro8T1MPMwRadVH
recggMW2eyCYceNcy,reco0mr8dXTgs5wWA
recggMW2eyCYceNcy,recEymrwCUKxiiosI
recggMW2eyCYceNcy,recsTO4OZIF9rbubk
recggMW2eyCYceNcy,rec4BLdZHS2Blfp4v
recggMW2eyCYceNcy,recxBj3tjKTGHqucS
recggMW2eyCYceNcy,recUdRhbhcEO1Hk5r
recggMW2eyCYceNcy,recuSfhAZIlKba4s2
recggMW2eyCYceNcy,recWh2lJVOT6HjChK
recggMW2eyCYceNcy,rec280Sk7o31iG0Tx
recggMW2eyCYceNcy,recQaxyXBQG5BBtD0
recggMW2eyCYceNcy,rec3pH4DxMcWHMRB7
recggMW2eyCYceNcy,reccW7q1KkhSKZsea
reciRZdAqNIKuMC96,rec4BLdZHS2Blfp4v
reciRZdAqNIKuMC96,recf4UKTfipCzgcSA
reciRZdAqNIKuMC96,recP6DJPyi5donvXL
reciRZdAqNIKuMC96,recro8T1MPMwRadVH
reciRZdAqNIKuMC96,recTjHY5xXhvkCdVT
reciRZdAqNIKuMC96,recZ4PkGERzl9ziHO
reciRZdAqNIKuMC96,rec28ORZgcm1dtqBZ
reciRZdAqNIKuMC96,recT92PyyZCGq1R68
reciRZdAqNIKuMC96,recL94zpn6Xh6kQii
reciRZdAqNIKuMC96,recJMazpPVexyFYTc
reciRZdAqNIKuMC96,recL4aEZBZoPk9NYx
reciRZdAqNIKuMC96,reco0mr8dXTgs5wWA
reciRZdAqNIKuMC96,recsTO4OZIF9rbubk
reciRZdAqNIKuMC96,recuSfhAZIlKba4s2
reciRZdAqNIKuMC96,recxBj3tjKTGHqucS
reciRZdAqNIKuMC96,recQaxyXBQG5BBtD0
reciRZdAqNIKuMC96,recUdRhbhcEO1Hk5r
reciRZdAqNIKuMC96,recVsoJJHFI8bgtfw
reciRZdAqNIKuMC96,recWh2lJVOT6HjChK
reciRZdAqNIKuMC96,rec280Sk7o31iG0Tx
reciRZdAqNIKuMC96,rec3pH4DxMcWHMRB7
reciRZdAqNIKuMC96,rec75vvFxgYtHmqxY
reciRZdAqNIKuMC96,reccW7q1KkhSKZsea
reciRZdAqNIKuMC96,recjHj4BS5A541n9v
reciRZdAqNIKuMC96,reccSUPwy30AeZLEb
reciRZdAqNIKuMC96,recD078PnS3x2doBe
reciRZdAqNIKuMC96,recttfySfQnYb68u3
reckYL4xtQWpkTJ8k,rec4BLdZHS2Blfp4v
reckYL4xtQWpkTJ8k,recro8T1MPMwRadVH
reckYL4xtQWpkTJ8k,recD078PnS3x2doBe
reckYL4xtQWpkTJ8k,recsTO4OZIF9rbubk
reckYL4xtQWpkTJ8k,recUdRhbhcEO1Hk5r
recmbOVHSyzXQZpQr,rec4BLdZHS2Blfp4v
recmbOVHSyzXQZpQr,recP6DJPyi5donvXL
recmbOVHSyzXQZpQr,recEFd8s6pkrTt4Pz
recmbOVHSyzXQZpQr,rec28ORZgcm1dtqBZ
recmbOVHSyzXQZpQr,recTjHY5xXhvkCdVT
recmbOVHSyzXQZpQr,recZ4PkGERzl9ziHO
recmbOVHSyzXQZpQr,recD078PnS3x2doBe
recmbOVHSyzXQZpQr,recro8T1MPMwRadVH
recmbOVHSyzXQZpQr,recEymrwCUKxiiosI
recmbOVHSyzXQZpQr,recJMazpPVexyFYTc
recmbOVHSyzXQZpQr,recL4aEZBZoPk9NYx
recmbOVHSyzXQZpQr,rec75vvFxgYtHmqxY
recmbOVHSyzXQZpQr,recQaxyXBQG5BBtD0
recmbOVHSyzXQZpQr,recL94zpn6Xh6kQii
recmbOVHSyzXQZpQr,reco0mr8dXTgs5wWA
recmbOVHSyzXQZpQr,recuSfhAZIlKba4s2
recmbOVHSyzXQZpQr,recxBj3tjKTGHqucS
recmbOVHSyzXQZpQr,recUdRhbhcEO1Hk5r
recmbOVHSyzXQZpQr,recVsoJJHFI8bgtfw
recmbOVHSyzXQZpQr,recWh2lJVOT6HjChK
recmbOVHSyzXQZpQr,rec280Sk7o31iG0Tx
recmbOVHSyzXQZpQr,reccW7q1KkhSKZsea
recmbOVHSyzXQZpQr,recsTO4OZIF9rbubk
recmbOVHSyzXQZpQr,recjHj4BS5A541n9v
recmbOVHSyzXQZpQr,reccSUPwy30AeZLEb
recoVo6dFSzG1ypX7,recD078PnS3x2doBe
recoVo6dFSzG1ypX7,recEFd8s6pkrTt4Pz
recoVo6dFSzG1ypX7,recVsoJJHFI8bgtfw
recoVo6dFSzG1ypX7,recro8T1MPMwRadVH
recoVo6dFSzG1ypX7,rec4BLdZHS2Blfp4v
recoVo6dFSzG1ypX7,recZ4PkGERzl9ziHO
recoVo6dFSzG1ypX7,recT92PyyZCGq1R68
recoVo6dFSzG1ypX7,recTjHY5xXhvkCdVT
recsgSUqFCJqekzL5,rec4BLdZHS2Blfp4v
recsgSUqFCJqekzL5,recf4UKTfipCzgcSA
recsgSUqFCJqekzL5,recro8T1MPMwRadVH
recsgSUqFCJqekzL5,recTjHY5xXhvkCdVT
recsgSUqFCJqekzL5,rec75vvFxgYtHmqxY
recsgSUqFCJqekzL5,recZ4PkGERzl9ziHO
recsgSUqFCJqekzL5,reccSUPwy30AeZLEb
recsgSUqFCJqekzL5,recT92PyyZCGq1R68
recsgSUqFCJqekzL5,recttfySfQnYb68u3
recsgSUqFCJqekzL5,recEFd8s6pkrTt4Pz
recsgSUqFCJqekzL5,rec28ORZgcm1dtqBZ
recvCUOytx5jPw7kh,recVsoJJHFI8bgtfw
recvCUOytx5jPw7kh,recP6DJPyi5donvXL
recvCUOytx5jPw7kh,recjHj4BS5A541n9v
recvCUOytx5jPw7kh,reccSUPwy30AeZLEb
recvCUOytx5jPw7kh,recro8T1MPMwRadVH
recvCUOytx5jPw7kh,recUdRhbhcEO1Hk5r
recvCUOytx5jPw7kh,recEFd8s6pkrTt4Pz
recvCUOytx5jPw7kh,recTjHY5xXhvkCdVT
recvCUOytx5jPw7kh,recZ4PkGERzl9ziHO
recvCUOytx5jPw7kh,rec75vvFxgYtHmqxY
recvCUOytx5jPw7kh,recT92PyyZCGq1R68
recvCUOytx5jPw7kh,recEymrwCUKxiiosI
recvCUOytx5jPw7kh,rec4BLdZHS2Blfp4v
recvCUOytx5jPw7kh,recD078PnS3x2doBe
recvCUOytx5jPw7kh,recJMazpPVexyFYTc
recvCUOytx5jPw7kh,recL4aEZBZoPk9NYx
recvCUOytx5jPw7kh,recsTO4OZIF9rbubk
recykdvf4LgsyA3wZ,recttfySfQnYb68u3
recykdvf4LgsyA3wZ,recf4UKTfipCzgcSA
recykdvf4LgsyA3wZ,recUdRhbhcEO1Hk5r
recykdvf4LgsyA3wZ,rec280Sk7o31iG0Tx
recykdvf4LgsyA3wZ,recro8T1MPMwRadVH
recykdvf4LgsyA3wZ,reccSUPwy30AeZLEb
recykdvf4LgsyA3wZ,recP6DJPyi5donvXL
recykdvf4LgsyA3wZ,recVsoJJHFI8bgtfw
recykdvf4LgsyA3wZ,rec28ORZgcm1dtqBZ
recykdvf4LgsyA3wZ,recL94zpn6Xh6kQii
recykdvf4LgsyA3wZ,recZ4PkGERzl9ziHO
recykdvf4LgsyA3wZ,rec2a03QXbFQAUZ7X
recykdvf4LgsyA3wZ,recEFd8s6pkrTt4Pz
recykdvf4LgsyA3wZ,recEymrwCUKxiiosI
recykdvf4LgsyA3wZ,reccW7q1KkhSKZsea
recykdvf4LgsyA3wZ,rec4BLdZHS2Blfp4v
recykdvf4LgsyA3wZ,recJMazpPVexyFYTc
recykdvf4LgsyA3wZ,reco0mr8dXTgs5wWA
recykdvf4LgsyA3wZ,recsTO4OZIF9rbubk
recykdvf4LgsyA3wZ,recTjHY5xXhvkCdVT
recykdvf4LgsyA3wZ,recL4aEZBZoPk9NYx
recykdvf4LgsyA3wZ,recxBj3tjKTGHqucS
recykdvf4LgsyA3wZ,recQaxyXBQG5BBtD0
recykdvf4LgsyA3wZ,rec3pH4DxMcWHMRB7
recykdvf4LgsyA3wZ,recuSfhAZIlKba4s2
recykdvf4LgsyA3wZ,recjHj4BS5A541n9v
recykdvf4LgsyA3wZ,rec75vvFxgYtHmqxY
recykdvf4LgsyA3wZ,recD078PnS3x2doBe
recykdvf4LgsyA3wZ,recWh2lJVOT6HjChK
recykdvf4LgsyA3wZ,recT92PyyZCGq1R68
reczhS8wix6Kzbp9P,recL94zpn6Xh6kQii
reczhS8wix6Kzbp9P,recD078PnS3x2doBe
reczhS8wix6Kzbp9P,recf4UKTfipCzgcSA
reczhS8wix6Kzbp9P,recEFd8s6pkrTt4Pz
reczhS8wix6Kzbp9P,recTjHY5xXhvkCdVT
reczhS8wix6Kzbp9P,recro8T1MPMwRadVH
reczhS8wix6Kzbp9P,recT92PyyZCGq1R68
reczhS8wix6Kzbp9P,recP6DJPyi5donvXL
reczhS8wix6Kzbp9P,recJMazpPVexyFYTc
reczhS8wix6Kzbp9P,recZ4PkGERzl9ziHO
reczhS8wix6Kzbp9P,reco0mr8dXTgs5wWA
reczhS8wix6Kzbp9P,recsTO4OZIF9rbubk
reczhS8wix6Kzbp9P,recL4aEZBZoPk9NYx
reczhS8wix6Kzbp9P,rec4BLdZHS2Blfp4v
reczhS8wix6Kzbp9P,recxBj3tjKTGHqucS
reczhS8wix6Kzbp9P,recuSfhAZIlKba4s2
reczhS8wix6Kzbp9P,recUdRhbhcEO1Hk5r
reczhS8wix6Kzbp9P,recEymrwCUKxiiosI
reczhS8wix6Kzbp9P,recWh2lJVOT6HjChK
reczhS8wix6Kzbp9P,rec280Sk7o31iG0Tx
reczhS8wix6Kzbp9P,rec75vvFxgYtHmqxY
reczhS8wix6Kzbp9P,recQaxyXBQG5BBtD0
reczhS8wix6Kzbp9P,recjHj4BS5A541n9v
reczhS8wix6Kzbp9P,rec3pH4DxMcWHMRB7
reczhS8wix6Kzbp9P,rec28ORZgcm1dtqBZ
reczhS8wix6Kzbp9P,recVsoJJHFI8bgtfw
reczhS8wix6Kzbp9P,recttfySfQnYb68u3
